impact_number,filename,timestamp,datetime
1,data_1546302182.bin,1757597634.2740993,2025-09-11 15:33:54
2,data_1546302184.bin,1757597636.0129278,2025-09-11 15:33:56
3,data_1546302186.bin,1757597638.1037076,2025-09-11 15:33:58
4,data_1546302187.bin,1757597639.655662,2025-09-11 15:33:59
5,data_1546302189.bin,1757597641.034886,2025-09-11 15:34:01
6,data_1546302190.bin,1757597642.5259762,2025-09-11 15:34:02
7,data_1546302192.bin,1757597644.1077416,2025-09-11 15:34:04
8,data_1546302193.bin,1757597645.5167272,2025-09-11 15:34:05
9,data_1546302195.bin,1757597647.0156372,2025-09-11 15:34:07
10,data_1546302196.bin,1757597648.5987632,2025-09-11 15:34:08
11,data_1546302199.bin,1757597651.46037,2025-09-11 15:34:11
12,data_1546302201.bin,1757597653.3277364,2025-09-11 15:34:13
13,data_1546302202.bin,1757597654.887045,2025-09-11 15:34:14
14,data_1546302204.bin,1757597656.416842,2025-09-11 15:34:16
15,data_1546302205.bin,1757597657.8839834,2025-09-11 15:34:17
16,data_1546302207.bin,1757597659.3178217,2025-09-11 15:34:19
17,data_1546302211.bin,1757597662.9091787,2025-09-11 15:34:22
18,data_1546302212.bin,1757597664.3047059,2025-09-11 15:34:24
19,data_1546302213.bin,1757597665.6991503,2025-09-11 15:34:25
20,data_1546302215.bin,1757597667.1491542,2025-09-11 15:34:27
